{
    "15": [
        -3.1387891112096122,
        -3.3923432576498422,
        -3.2659933456709243,
        -5.420312956430971,
        -5.406307714955373,
        0.829399616059423,
        -0.5960027546619812,
        -1.7835843165863776,
        4.1775427020050575,
        2.9845401673804743,
        2.3146424933240866,
        1.407508727228364,
        0.6153877221450489,
        6.183183221988365,
        4.032831549204929
    ],
    "20": [
        3.886153157682516,
        2.9432985462195216,
        1.297876123843871,
        1.6941460417560106,
        1.0121311482985103,
        -0.18416477425225045,
        -0.72198238982399,
        -0.30357893047718326,
        -1.2452345537600764,
        -2.296922262293285,
        -3.4877235052420725,
        2.5392334926271367,
        0.8397169855277209,
        0.5982471282452275,
        0.9457666596487183,
        -0.689369569610078,
        -0.6360099844740907,
        -0.8228415061740962,
        -1.889633915568151,
        -3.5855291664931848
    ],
    "25": [
        4.930754164070198,
        2.7802133928041477,
        2.143843627904755,
        1.7005077996199716,
        0.7453406047905186,
        0.4491775572932129,
        0.5841178045611797,
        -0.5213590668616053,
        -0.32892148914024166,
        -0.5569444271517102,
        -1.4107636354953939,
        -1.4705324979673557,
        -2.241507477720553,
        -2.7700538879940586,
        -3.564190347473873,
        2.3627872647850903,
        1.4677991804137864,
        1.729210502607552,
        0.5454463957269085,
        0.530168875907508,
        0.5457878678254112,
        -1.032319795560053,
        -1.208813813268809,
        -1.9926809852559733,
        -3.2051490668241933
    ],
    "30": [
        3.115944489216724,
        2.5977814445231537,
        1.8603820483693747,
        2.239184481010847,
        3.9703838204610458,
        -2.161856558133841,
        -2.416760625297258,
        5.376443226931165,
        -0.2866635768176902,
        0.6850949579065893,
        -4.302767805792587,
        2.887869165411308,
        -3.2490066749273687,
        1.7627805245960588,
        1.1290524434338602,
        -4.201047796332769,
        3.463606539166581,
        -0.8851406633973224,
        -0.6161759537623089,
        -0.587832725568097,
        -1.0748546189718944,
        -0.6420255271825114,
        0.23213978116279113,
        -0.8991441435703027,
        -2.122246054175331,
        -1.5573443469599602,
        -3.0420352233142554,
        -3.2103545322180205,
        1.6821341869151698,
        0.45333145705415073
    ]
}